{"cameraMode":{"drawMode":0,"name":"Shaded","section":"Shading Mode"},"sceneLighting":true,"audioPlay":false,"sceneViewState":{"m_AlwaysRefresh":false,"showFog":true,"showSkybox":true,"showFlares":true,"showImageEffects":true,"showParticleSystems":true,"showVisualEffectGraphs":true,"m_FxEnabled":true},"in2DMode":false,"pivot":{"x":-0.1641939878463745,"y":-0.5647704601287842,"z":1.6695847511291505},"rotation":{"x":0.3461568355560303,"y":-0.30027464032173159,"z":0.11798744648694992,"w":0.8809590935707092},"size":3.6495187282562258,"orthographic":false}